{"count":1,"self":678.57792,"total":1166.5843289,"children":{"InitializeActuators":{"count":1,"self":0.0039886999999999995,"total":0.0039886999999999995,"children":null},"InitializeSensors":{"count":1,"self":0.0041795999999999995,"total":0.0041795999999999995,"children":null},"AgentSendState":{"count":260834,"self":1.1884576999999998,"total":33.8035997,"children":{"CollectObservations":{"count":52167,"self":0.5461422,"total":0.5461422,"children":null},"WriteActionMask":{"count":52167,"self":0.1009544,"total":0.1009544,"children":null},"RequestDecision":{"count":52167,"self":0.5725163,"total":31.968045399999998,"children":{"AgentInfo.ToProto":{"count":52167,"self":0.5858222,"total":31.395529099999997,"children":{"GenerateSensorData":{"count":52167,"self":30.809705599999997,"total":30.8097069,"children":null}}}}}}},"DecideAction":{"count":260834,"self":453.21466879999997,"total":453.21464699999996,"children":null},"AgentAct":{"count":260834,"self":0.9780401,"total":0.9780401,"children":null}},"gauges":{},"metadata":{"timer_format_version":"0.1.0","start_time_seconds":"1639571789","unity_version":"2020.3.20f1","command_line_arguments":"C:\\Program Files\\Unity\\Hub\\Editor\\2020.3.20f1\\Editor\\Unity.exe -projectpath C:\/Users\/leeda\/Documents\/GitHub\/SpaceX-Landing -useHub -hubIPC -cloudEnvironment production -hubSessionId 179ed4a0-5d98-11ec-84b4-8180288be2cd","communication_protocol_version":"1.5.0","com.unity.ml-agents_version":"2.0.0","scene_name":"07","end_time_seconds":"1639572955"}}