{"count":1,"self":189.823232,"total":574.6804801,"children":{"InitializeActuators":{"count":1,"self":0.0028785,"total":0.0028785,"children":null},"InitializeSensors":{"count":1,"self":0.0019919,"total":0.0019919,"children":null},"AgentSendState":{"count":250034,"self":1.2273329,"total":5.102563,"children":{"CollectObservations":{"count":50007,"self":0.33022799999999997,"total":0.33022799999999997,"children":null},"WriteActionMask":{"count":50007,"self":0.079355399999999993,"total":0.079355399999999993,"children":null},"RequestDecision":{"count":50007,"self":0.5415402,"total":3.4656466999999997,"children":{"AgentInfo.ToProto":{"count":50007,"self":0.5992999,"total":2.9241064999999997,"children":{"GenerateSensorData":{"count":50007,"self":2.3248066,"total":2.3248066,"children":null}}}}}}},"DecideAction":{"count":250034,"self":378.88568319999996,"total":378.88568649999996,"children":null},"AgentAct":{"count":250034,"self":0.8170233,"total":0.8170233,"children":null},"AgentInfo.ToProto":{"count":941,"self":0.0070921,"total":0.0451132,"children":{"GenerateSensorData":{"count":941,"self":0.038021099999999995,"total":0.038021099999999995,"children":null}}}},"gauges":{"My Behavior.CumulativeReward":{"count":941,"max":1,"min":0,"runningAverage":0.249734387,"value":0,"weightedAverage":0.277111322}},"metadata":{"timer_format_version":"0.1.0","start_time_seconds":"1638361726","unity_version":"2020.3.20f1","command_line_arguments":"C:\\Program Files\\Unity\\Hub\\Editor\\2020.3.20f1\\Editor\\Unity.exe -projectpath C:\/Users\/leeda\/Documents\/GitHub\/SpaceX-Landing -useHub -hubIPC -cloudEnvironment production -hubSessionId 4c3cc380-5298-11ec-8b07-cb2fa2d67cb3 -accessToken 28Fn1igY0o_lY7jgpT_s8SR0WOM7bHJOBCly-1hhlvo00df","communication_protocol_version":"1.5.0","com.unity.ml-agents_version":"2.0.0","scene_name":"Lab03","end_time_seconds":"1638362300"}}